Key,English,French,Turkish
Menu.Welcome,"Name: Zeyneb Fatma
Sex and Age: Female, aged 27
Sign of Insanity: Mania

Method of Treatment: Herbal medication to reduce stress (take daily).
Remarks: She had a severe manic episode last week and showed intent to destroy herself, but has improved recently.
Meal Chart Recommendation: Type 1.","Nom : Zeyneb Fatma
Sexe et âge : Femme, 27 ans
Signe de folie : manie

Méthode de traitement : Médicaments à base de plantes pour réduire le stress (à prendre quotidiennement).
Remarques : Elle a eu un épisode maniaque sévère la semaine dernière et a montré l'intention de se détruire, mais son état s'est récemment amélioré.
Recommandation de tableau de repas : Type 1.","İsim: Zeynep Fatma
Cinsiyet ve Yaş: Kadın, 27 yaşında
Delilik İşareti: Mani

Tedavi Yöntemi: Stresi azaltmak için bitkisel ilaçlar (günlük alın).
Açıklamalar: Geçen hafta şiddetli bir manik dönem geçirdi ve kendini yok etme niyeti gösterdi, ancak son zamanlarda düzeldi.
Öğün Tablosu Önerisi: Tip 1."